{"mean":{"confidence_interval":{"confidence_level":0.95,"lower_bound":2102830.4966249997,"upper_bound":2120512.1092812493},"point_estimate":2111120.9495833335,"standard_error":4518.1875077067625},"median":{"confidence_interval":{"confidence_level":0.95,"lower_bound":2091290.4791666667,"upper_bound":2104703.041666667},"point_estimate":2095705.3125,"standard_error":3947.7537638716863},"median_abs_dev":{"confidence_interval":{"confidence_level":0.95,"lower_bound":18394.83408592647,"upper_bound":33683.405014499906},"point_estimate":24020.775898545922,"standard_error":4332.200032164865},"slope":null,"std_dev":{"confidence_interval":{"confidence_level":0.95,"lower_bound":29996.261294116626,"upper_bound":59715.52600532053},"point_estimate":45493.30574694455,"standard_error":7654.420500705667}}